DEPT,ECGR,ATRX,ATRT,NPHI,CAL1,HDAR,HROM,DTSM,DTCO
4600.5,42.8228,3.5445,3.2769,12.4,6.0635,6.207,2.5112,132.6781,80.412
4601.0,60.1452,2.7997,2.6506,15.3,6.0765,6.2088,2.5277,135.1772,82.5646
4601.5,36.4007,2.8454,2.7274,12.28,6.0627,6.207,2.5127,114.1906,72.5366
4602.0,35.3279,3.5764,3.4379,10.16,6.0711,6.2088,2.5271,114.2432,70.752
4602.5,64.031,3.5706,3.4355,10.93,6.0625,6.2088,2.5094,133.2964,79.0781
4603.0,65.7979,2.8265,2.7658,15.13,6.0635,6.207,2.512,134.8186,81.1082
4603.5,51.9012,2.634,2.6342,13.93,6.0574,6.2088,2.5154,123.0868,76.852
4604.0,40.7956,2.9636,2.8827,11.91,6.1044,6.2106,2.4836,117.1739,74.4322
4604.5,41.0045,3.4718,3.2614,12.24,6.0755,6.207,2.4905,119.1929,74.3147
4605.0,48.8515,3.6405,3.3666,12.78,6.1053,6.2106,2.4951,125.0619,77.0949
4605.5,45.2134,3.7086,3.3231,12.87,6.1242,6.2124,2.5182,119.7927,74.5228
4606.0,39.7119,3.9585,3.5113,10.23,6.0949,6.2088,2.5005,111.8366,69.8249
4606.5,26.1454,4.2017,3.7555,8.25,6.0656,6.2088,2.4925,105.1568,68.947
4607.0,57.3895,3.7245,3.2875,18.71,6.0627,6.2088,2.4931,126.8903,78.3873
4607.5,39.2164,3.3036,3.0822,11.49,6.111,6.207,2.5059,120.1519,72.7598
4608.0,25.5444,5.016,4.5536,10.4,6.0994,6.2088,2.5194,115.3695,68.9256
4608.5,64.4568,4.8512,4.379,10.23,6.0788,6.2142,2.4944,124.9381,76.7448
4609.0,49.7263,3.2372,3.1224,10.4,6.1309,6.216,2.5112,117.6694,73.0589
4609.5,41.4126,3.4604,3.425,14.46,6.0941,6.2142,2.5045,119.8348,74.9258
4610.0,49.0143,3.4391,3.6068,10.7,6.0788,6.2071,2.4958,114.866,73.2611
4610.5,35.7509,3.6504,3.8701,10.78,6.0888,6.216,2.4835,112.3051,68.9116
4611.0,39.5603,4.0463,4.2242,11.93,6.0734,6.2052,2.4677,114.4387,72.5107
4611.5,33.0469,4.4409,4.4558,15.1,6.0666,6.2055,2.5123,112.1236,69.0229
4612.0,51.4694,4.6977,4.5457,12.17,6.065,6.2088,2.4883,122.0515,74.4451
4612.5,53.363,3.759,3.702,10.66,6.0882,6.2124,2.5055,118.765,74.3905
4613.0,33.4631,3.933,3.8581,14.25,6.101,6.2088,2.4898,115.4948,70.5741
4613.5,48.7793,3.9113,3.8251,12.13,6.0728,6.2124,2.5219,125.6719,78.3819
4614.0,50.0153,3.1547,3.1234,8.19,6.0788,6.2106,2.5406,128.3148,79.2699
4614.5,27.9285,3.6807,3.7035,7.08,6.0842,6.2106,2.5118,105.3563,66.3197
4615.0,32.9243,5.8841,5.8548,10.43,6.0275,6.2052,2.53,112.5174,68.0301
4615.5,53.4085,3.7794,3.7656,7.85,6.0743,6.2122,2.5182,127.0163,80.4417
4616.0,34.9957,4.1385,3.9988,9.45,6.0282,6.2055,2.5061,105.1788,64.6529
4616.5,56.4016,6.5421,4.8308,13.11,5.9992,6.2124,2.4998,119.5677,70.0336
4617.0,67.7949,3.2102,2.8796,15.39,5.9915,6.2124,2.5134,136.5056,80.8214
4617.5,63.6018,2.7367,2.6396,13.34,6.0244,6.2088,2.5069,134.1831,80.9097
4618.0,48.3785,2.9205,2.8406,10.4,6.0627,6.2142,2.5019,122.7866,77.4514
4618.5,34.3145,3.5562,3.1255,11.87,6.0344,6.2088,2.5063,113.4476,70.904
4619.0,40.3029,4.1096,3.6532,13.0,6.0332,6.2016,2.5384,115.2171,73.62
4619.5,44.4429,3.9073,4.1444,10.04,5.9999,6.2464,2.5632,121.7787,74.9134
4620.0,42.9911,3.6417,4.383,11.29,6.0663,6.2464,2.6418,113.6786,66.4423
4620.5,40.9779,4.202,4.8602,8.68,6.0734,6.2874,2.6407,110.2764,62.0701
4621.0,56.1123,6.2314,6.5467,20.14,6.026,6.3576,2.6323,111.94,62.7037
4621.5,98.7092,5.1438,4.9819,25.64,6.0738,6.3702,2.6771,168.993,84.9929
4622.0,113.6184,1.8632,1.7504,25.36,6.0635,6.2823,2.5849,200.9797,96.5634
4622.5,111.1176,1.0776,1.0145,25.15,6.0704,6.2877,2.5434,189.9951,98.4401
4623.0,105.1398,1.0286,0.9971,21.97,6.0803,6.2859,2.5684,176.2192,93.5996
4623.5,105.9564,1.22,1.2074,22.06,6.1002,6.2841,2.6183,170.8678,91.0289
4624.0,115.7613,1.6497,1.6067,21.16,6.0659,6.2925,2.5716,161.7958,88.4168
4624.5,109.4147,2.02,1.8987,25.2,6.0658,6.2874,2.5691,146.3773,81.008
4625.0,114.6403,1.7997,1.6888,24.75,6.0723,6.2891,2.5724,149.4186,82.535
4625.5,125.8482,1.5649,1.5069,23.94,6.0635,6.2877,2.5734,166.134,87.6715
4626.0,136.307,1.4955,1.4642,23.24,6.0734,6.2895,2.5807,167.4435,88.4852
4626.5,128.2323,1.4928,1.4574,19.25,6.0627,6.2895,2.621,169.2698,88.381
4627.0,127.466,1.5687,1.5234,20.12,6.0633,6.2877,2.5788,168.6735,90.3476
4627.5,124.3244,1.8247,1.8074,21.27,6.0688,6.2895,2.617,155.8357,85.2365
4628.0,110.4326,1.9147,1.9177,24.08,6.0313,6.2877,2.679,148.2594,83.8002
4628.5,112.3097,1.7735,1.7667,24.3,6.0285,6.2841,2.6276,148.561,82.3252
4629.0,106.2489,1.5672,1.5944,24.58,6.0688,6.2858,2.5674,157.3584,84.4766
4629.5,129.8311,1.5781,1.729,22.96,6.0267,6.2877,2.5975,169.6632,90.5286
4630.0,124.9967,1.8374,2.2384,23.11,6.0374,6.2877,2.5864,163.4235,88.8616
4630.5,117.1343,1.8016,2.1367,24.48,6.0635,6.2859,2.5776,159.0413,87.003
4631.0,121.5068,1.6786,1.7841,25.72,6.0313,6.2877,2.5981,160.9131,86.6836
4631.5,126.6483,1.4913,1.5052,25.87,6.0304,6.2895,2.5827,160.7511,87.0802
4632.0,130.6362,1.3319,1.3258,25.44,6.0344,6.2877,2.5863,170.2106,90.2735
4632.5,135.5146,1.3607,1.3344,26.25,6.0312,6.2859,2.6286,176.5713,92.4281
4633.0,131.1273,1.3917,1.3515,27.59,6.0741,6.2823,2.585,168.7891,89.4824
4633.5,140.4084,1.3581,1.3195,27.51,6.0514,6.2447,2.5269,171.4992,90.582
4634.0,130.1458,1.2982,1.2595,28.47,6.0724,6.2464,2.5941,176.026,91.2
4634.5,132.709,1.2392,1.2078,25.25,6.0672,6.25,2.5991,179.2398,93.3905
4635.0,141.0495,1.3363,1.3165,25.49,6.0635,6.2464,2.5794,184.9245,96.3736
4635.5,131.7234,1.6014,1.5817,22.95,6.0551,6.2482,2.6885,165.5034,88.3354
4636.0,129.0321,1.7469,1.7295,23.77,6.0704,6.2456,2.5858,161.042,86.9176
4636.5,129.1671,1.8185,1.7752,26.63,6.0627,6.2464,2.5807,158.7335,87.0522
4637.0,119.4621,1.6001,1.5621,25.98,6.0761,6.2518,2.5864,155.8778,83.2753
4637.5,136.4917,1.4701,1.4351,27.88,6.0505,6.2464,2.5903,174.164,92.4075
4638.0,145.4321,1.5089,1.4502,19.91,6.0727,6.2447,2.9267,175.9856,94.5444
4638.5,134.9773,1.5428,1.461,23.88,6.0826,6.2482,2.576,169.4438,93.5015
4639.0,125.4502,1.5138,1.4449,25.89,6.1043,6.2429,2.5912,164.4486,80.5385
4639.5,133.7669,1.4588,1.4227,26.01,6.1041,6.2447,2.6125,169.1792,89.1765
4640.0,145.5893,1.5299,1.4981,25.09,6.1102,6.2841,2.5799,170.1524,90.7481
4640.5,134.7887,1.5261,1.4904,26.66,6.1017,6.2877,2.5891,164.2338,86.9686
4641.0,135.3884,1.4613,1.4255,26.48,6.1125,6.2877,2.5763,169.464,89.4535
4641.5,137.2579,1.5015,1.4548,25.81,6.1158,6.2823,2.6219,173.8924,90.5372
4642.0,140.8581,1.6208,1.564,24.63,6.1079,6.2949,2.6099,168.9322,90.4452
4642.5,128.3867,1.6089,1.5559,25.28,6.1424,6.3226,2.5849,162.7113,86.5359
4643.0,157.6652,1.683,1.6117,26.05,6.1432,6.3271,2.6136,168.0963,89.3836
4643.5,156.2796,1.8761,1.8133,24.87,6.1393,6.3648,2.5633,164.6107,90.621
4644.0,155.6262,1.8793,1.8668,25.73,6.1477,6.3666,2.556,157.0163,83.0541
4644.5,187.1373,1.9323,1.9557,27.46,6.1446,6.3648,2.5833,167.265,88.7548
4645.0,166.157,1.9145,1.932,28.5,6.196,6.3684,2.5654,167.3119,88.4988
4645.5,167.1343,1.8894,1.904,28.8,6.1791,6.3666,2.5972,168.6134,88.3892
4646.0,160.482,1.9127,1.9293,26.76,6.182,6.3648,2.6057,170.0162,89.6229
4646.5,154.0808,1.9416,1.9563,26.75,6.183,6.3627,2.6021,167.0525,88.518
4647.0,153.7486,1.9386,1.9535,26.59,6.1784,6.363,2.607,166.7033,88.7836
4647.5,154.9545,1.8852,1.9,26.27,6.1776,6.3702,2.5865,166.1971,88.4142
4648.0,169.5181,1.8847,1.8933,25.84,6.1886,6.3988,2.5758,167.5248,88.9466
4648.5,182.1143,1.9615,1.9592,27.22,6.2156,6.406,2.5408,166.0693,88.9631
4649.0,173.7133,2.0079,2.0163,25.62,6.2212,6.4078,2.5816,162.4065,86.5435
4649.5,174.9768,2.0952,2.1325,26.1,6.2174,6.4062,2.578,162.1162,86.4107
4650.0,162.7868,2.2585,2.3145,26.34,6.1799,6.4436,2.5547,158.1112,84.9342
4650.5,155.4817,2.3165,2.3754,25.75,6.2221,6.4454,2.591,158.0483,86.3818
4651.0,155.5784,2.3011,2.3546,27.13,6.2373,6.4397,2.6042,155.7516,83.314
4651.5,150.8758,2.3272,2.365,26.9,6.2628,6.3644,2.5801,156.7559,84.6371
4652.0,144.9301,2.3988,2.4214,26.88,6.226,6.3627,2.5948,159.1144,84.823
4652.5,141.7679,2.501,2.4702,25.4,6.2174,6.3644,2.5966,161.4734,85.7458
4653.0,144.0768,2.4913,2.4024,25.91,6.2588,6.3666,2.5868,160.719,84.7229
4653.5,146.1312,2.4369,2.3149,26.02,6.2419,6.3611,2.584,161.0258,84.6654
4654.0,153.048,2.3366,2.2355,25.22,6.2182,6.3666,2.5808,165.497,87.0335
4654.5,153.5414,2.1967,2.1477,25.08,6.2144,6.3666,2.5925,165.2197,87.0894
4655.0,151.56,2.13,2.1161,26.17,6.2023,6.3648,2.5473,161.6548,86.4595
4655.5,151.7019,2.1349,2.1277,25.4,6.1776,6.3666,2.6789,162.0419,86.024
4656.0,161.2702,2.0554,2.0384,26.77,6.199,6.3627,2.575,163.5144,86.57
4656.5,152.5637,2.0861,2.069,26.5,6.1784,6.3694,2.5846,164.8035,86.9138
4657.0,158.274,2.2627,2.2656,26.53,6.1791,6.3684,2.5821,163.1668,87.2553
4657.5,149.4007,2.3833,2.3921,26.42,6.183,6.3952,2.5594,161.1975,86.9668
4658.0,153.6905,2.38,2.4171,26.56,6.183,6.4078,2.5314,156.4639,85.4576
4658.5,156.075,2.1986,2.2888,28.45,6.1788,6.406,2.543,158.4985,84.9896
4659.0,161.384,2.0557,2.1377,29.86,6.2059,6.3612,2.5737,175.8012,90.3411
4659.5,158.896,2.0753,2.1203,30.59,6.1378,6.3612,2.5878,172.9808,88.8965
4660.0,167.7982,2.1331,2.1577,29.11,6.1447,6.3702,2.5601,171.2523,90.4217
4660.5,179.7924,2.1899,2.2041,27.63,6.1401,6.3684,2.582,169.8309,89.4032
4661.0,172.2466,2.2027,2.2114,28.25,6.1401,6.3711,2.5723,165.7156,88.4262
4661.5,168.7034,2.2253,2.233,27.86,6.1117,6.3666,2.5178,166.9767,88.5009
4662.0,173.3895,2.2263,2.229,27.84,6.1025,6.3612,2.5656,165.1769,88.4504
4662.5,169.8301,2.1668,2.1614,27.24,6.1477,6.3611,2.5944,166.6522,88.6927
4663.0,176.7842,2.1141,2.1075,28.98,6.105,6.3666,2.599,167.9445,89.0661
4663.5,181.542,2.0909,2.0808,28.78,6.1041,6.3702,2.5505,170.2732,90.3703
4664.0,171.6343,2.0812,2.0719,28.93,6.1007,6.3684,2.5747,174.5637,91.5824
4664.5,176.7388,2.0772,2.0725,29.97,6.1087,6.3612,2.567,173.6191,91.042
4665.0,170.8447,2.0874,2.079,28.64,6.1026,6.3666,2.5772,174.3101,91.1534
4665.5,168.381,2.069,2.0521,29.04,6.1087,6.3684,2.5664,171.2955,90.5284
4666.0,166.3209,2.0105,1.988,29.15,6.1033,6.3666,2.6393,170.2574,90.358
4666.5,166.0528,1.8998,1.8802,30.22,6.1071,6.3648,2.5755,175.0096,90.5026
4667.0,172.9018,1.7682,1.7545,30.18,6.1079,6.3719,2.6075,171.2493,90.1926
4667.5,187.6392,1.8558,1.8464,32.54,6.0769,6.3611,2.6328,176.5613,90.8982
4668.0,170.173,2.0171,1.9911,29.53,6.0359,6.3666,2.5847,174.2653,90.5108
4668.5,178.1532,2.0405,1.973,30.1,6.0306,6.3648,2.5552,170.6947,89.5709
4669.0,173.8616,2.0085,1.9232,29.61,6.0328,6.3644,2.5707,171.224,90.4806
4669.5,176.9488,1.9753,1.8918,29.98,6.026,6.363,2.6006,170.7655,90.2761
4670.0,179.8611,1.9725,1.9169,29.39,6.0512,6.363,2.5624,173.7591,89.7558
4670.5,188.4196,1.9791,1.9509,28.98,6.0673,6.3678,2.5706,176.0068,91.5763
4671.0,181.3811,2.029,2.005,28.6,6.0742,6.3694,2.5651,176.3606,92.4489
4671.5,172.9017,2.1129,2.0984,28.48,6.1087,6.3644,2.5626,176.4755,92.4613
4672.0,171.7494,2.1252,2.12,28.35,6.1094,6.3719,2.573,176.2585,92.606
4672.5,181.5734,2.0886,2.0835,28.28,6.0275,6.363,2.5774,176.4886,92.6493
4673.0,172.569,2.1542,2.1468,28.63,6.0289,6.363,2.5694,176.0058,92.5036
4673.5,167.0538,2.1924,2.1902,28.24,6.0646,6.3702,2.5738,175.4225,92.3553
4674.0,167.0463,2.0982,2.1021,27.96,6.0616,6.3666,2.5512,174.3044,91.4916
4674.5,172.9459,2.0268,2.0249,29.27,6.0731,6.3719,2.564,175.8445,92.4514
4675.0,183.7344,2.0444,2.0211,28.81,6.0666,6.3648,2.538,177.2556,93.0823
4675.5,174.3556,2.1044,2.0712,28.72,6.0627,6.3648,2.5707,176.2442,92.758
4676.0,175.2254,2.1871,2.1637,30.03,6.0871,6.3684,2.562,176.0757,92.5348
4676.5,180.2754,2.2226,2.2154,28.43,6.0715,6.3644,2.5608,175.1113,92.4461
4677.0,194.0858,2.2223,2.2206,29.22,6.1033,6.3711,2.5505,175.6689,92.635
4677.5,189.3542,2.1788,2.1689,30.02,6.0681,6.3594,2.565,176.474,94.2928
4678.0,186.8783,2.1613,2.1454,29.44,6.0719,6.3486,2.5559,176.1235,93.0574
4678.5,179.7729,2.2155,2.1818,28.51,6.0566,6.3343,2.5543,175.6621,92.4003
4679.0,177.2937,2.2197,2.1689,29.43,6.0711,6.3218,2.5544,175.7096,92.5394
4679.5,175.4996,2.2175,2.1646,28.68,6.0558,6.32,2.5582,175.8018,92.433
4680.0,178.0424,2.221,2.1705,28.75,6.0711,6.3289,2.559,176.205,93.3266
4680.5,181.9885,2.1468,2.1111,29.11,6.0298,6.3271,2.5691,175.8223,92.5656
4681.0,180.4826,2.0934,2.0761,31.54,6.0546,6.3259,2.5547,176.7349,93.403
4681.5,187.0773,2.1588,2.1388,30.17,6.0673,6.3293,2.5932,176.3033,92.3863
4682.0,177.3377,2.2478,2.2156,29.23,6.026,6.32,2.5604,174.1885,92.2917
4682.5,176.5581,2.241,2.215,30.22,6.0344,6.3253,2.5509,174.8806,92.4759
4683.0,164.1323,2.192,2.173,29.23,6.0248,6.3276,2.5731,174.6373,91.6089
4683.5,175.4174,2.2066,2.1799,28.5,6.0328,6.32,2.5701,173.8464,91.2553
4684.0,170.2852,2.1718,2.1507,28.6,6.0314,6.3218,2.5468,175.3894,92.4477
4684.5,166.2854,2.1272,2.1163,30.05,6.0627,6.3289,2.553,175.9768,92.5639
4685.0,171.461,2.1257,2.1152,29.8,6.0589,6.3271,2.5822,175.9951,92.6336
4685.5,170.9723,2.1804,2.1571,30.0,6.0719,6.3226,2.5548,170.3938,90.6473
4686.0,165.9711,2.2126,2.1906,29.57,6.0635,6.3276,2.5573,171.4036,91.0586
4686.5,167.8394,2.2225,2.2,29.34,6.0652,6.3243,2.5515,172.8729,90.6422
4687.0,166.4575,2.2577,2.2273,29.06,6.0705,6.3293,2.6367,171.1917,92.5244
4687.5,164.278,2.2205,2.1936,28.58,6.124,6.3271,2.5437,176.3102,93.3562
4688.0,162.4184,2.1288,2.1054,28.28,6.1002,6.32,2.5777,176.1505,92.7154
4688.5,163.8348,2.1081,2.0801,29.32,6.0727,6.3289,2.5743,175.3812,92.4475
4689.0,178.3647,2.1289,2.0945,29.35,6.1034,6.3276,2.5478,173.4565,91.5445
4689.5,184.7282,2.1004,2.0691,28.5,6.078,6.2908,2.5623,174.2748,92.9229
4690.0,183.8808,2.1461,2.1084,27.39,6.1091,6.2859,2.5853,173.6164,91.623
4690.5,182.5608,2.208,2.1683,26.8,6.0995,6.2895,2.57,169.607,90.8142
4691.0,168.9003,2.1974,2.1712,27.55,6.0865,6.2841,2.5624,169.5481,91.0134
4691.5,171.7114,2.1552,2.1379,26.84,6.0758,6.2841,2.5552,170.1867,91.4927
4692.0,166.1121,2.1065,2.0877,26.89,6.0834,6.2874,2.5545,172.8178,91.6499
4692.5,155.99,2.0962,2.0725,26.97,6.0819,6.2808,2.5741,176.1435,93.5183
4693.0,162.7225,2.0967,2.0732,27.44,6.0684,6.2877,2.5535,175.8045,92.9166
4693.5,164.7277,2.0775,2.0492,26.51,6.0607,6.2908,2.5688,174.9549,92.7964
4694.0,167.3492,2.026,1.9891,27.28,6.0658,6.2841,2.5758,175.6699,93.2482
4694.5,175.3645,1.9589,1.9195,26.06,6.0704,6.2877,2.5623,173.5462,92.2038
4695.0,176.8437,1.9186,1.8937,25.92,6.062,6.2874,2.5502,175.2436,92.3909
4695.5,186.9267,1.9484,1.9431,25.75,6.0688,6.2858,2.5616,176.2346,93.0117
4696.0,169.3043,2.0606,2.0314,26.57,6.0711,6.2841,2.5682,175.8129,92.6957
4696.5,161.2398,2.0999,2.065,25.7,6.0627,6.2841,2.5845,171.1147,90.9384
4697.0,156.2993,2.0901,2.0564,25.55,6.0658,6.2877,2.5509,171.0656,90.7917
4697.5,160.2496,2.0717,2.02,25.15,6.0704,6.2859,2.5638,175.1741,92.3584
4698.0,153.8284,2.0509,1.9432,25.28,6.062,6.249,2.5833,173.3927,90.9517
4698.5,151.9691,2.0531,1.8864,26.15,6.0731,6.2473,2.5765,174.2445,91.1636
4699.0,154.0266,2.0668,1.9412,25.66,6.0606,6.2411,2.5819,173.2955,90.7102
4699.5,153.7706,2.084,2.022,24.74,6.0883,6.2429,2.6025,170.502,90.4101
4700.0,163.9813,2.164,2.1034,25.75,6.0681,6.2429,2.5982,,90.1399
4700.5,154.3376,2.358,2.3362,24.68,6.0681,6.2456,2.6177,,87.2373
4701.0,157.7082,2.7219,2.7743,24.3,6.0627,6.2473,2.6174,,86.8458
4701.5,157.8475,4.0071,4.4744,25.6,6.0719,6.2447,2.6329,,82.482
4702.0,110.5298,11.2406,13.0704,24.61,6.0704,6.2429,2.7461,,70.9861
4702.5,78.8422,18.7452,12.1537,15.03,6.0723,6.2429,2.6593,,60.7066
4703.0,61.9243,4.6223,3.9672,10.48,6.1269,6.2482,2.6561,,59.1451
4703.5,46.5037,1.573,1.4723,31.06,6.1064,6.3235,2.6542,,67.293
4704.0,53.542,1.0175,0.9593,43.24,6.1434,6.4885,2.56,,89.8911
4704.5,62.0714,0.942,0.8935,44.38,6.1822,6.5781,2.5128,,100.4878
4705.0,55.3125,0.9808,0.931,46.71,6.1776,6.6037,2.5505,,98.5636
4705.5,41.6107,0.9993,0.9498,46.68,6.224,6.6104,2.5679,,96.9105
4706.0,28.1348,0.928,0.8883,46.77,6.2133,6.605,2.5658,,94.5396
4706.5,27.8948,0.8198,0.8032,45.91,6.219,6.6068,2.5479,,93.5838
4707.0,32.349,0.784,0.8028,44.77,6.2136,6.6455,2.5084,,99.1138
4707.5,32.4328,0.8109,0.856,46.66,6.1416,6.684,2.5116,,102.2743
4708.0,30.7562,0.802,0.876,46.28,6.1466,6.699,2.5257,,99.6577
4708.5,29.0874,0.724,0.8776,44.35,6.1591,6.6462,2.4876,,99.6969
4709.0,35.2245,0.8145,1.1381,45.46,6.156,6.6857,2.3644,,97.481
4709.5,28.3398,1.6811,3.4114,36.9,6.1814,6.5635,2.4752,,108.0682
4710.0,12.6412,7.5942,29.2477,23.93,6.2304,6.5638,2.5894,,74.0542
4710.5,7.9408,62.1258,77.0023,21.23,6.1784,6.6839,2.6856,,59.6375
4711.0,9.2486,86.7316,128.8797,21.61,6.1324,6.6193,2.6669,,58.0002
4711.5,9.4071,145.5267,123.896,20.07,6.1408,6.7054,2.8068,,56.5214
4712.0,9.5347,71.1185,39.7496,18.79,6.0681,6.5691,2.6325,,58.4863
4712.5,10.1164,11.6923,7.9343,16.81,6.0688,6.2949,2.7273,,57.2892
4713.0,19.3574,4.6371,3.7377,26.92,6.0972,6.3289,2.5883,,64.7261
4713.5,15.816,7.7368,4.4001,31.51,6.0857,6.3684,2.5865,,76.942
4714.0,8.132,24.1682,7.6107,28.63,6.1255,6.3666,2.6194,,70.1446
4714.5,7.912,28.7778,11.3129,24.47,6.1422,6.3362,2.63,,64.1463
4715.0,7.1742,28.0534,16.3828,24.59,6.1326,6.3325,2.6427,,64.9195
4715.5,7.1336,35.6114,29.3088,24.13,6.142,6.345,2.6365,,64.2341
4716.0,8.1075,123.1473,33.8889,24.27,6.1553,6.3504,2.6116,,61.3798
4716.5,10.1144,87.6037,8.7523,22.19,6.1052,6.3952,2.6297,,55.1724
4717.0,9.7991,33.6664,4.9502,20.96,6.124,6.4813,2.6854,,54.4528
4717.5,11.074,13.9479,5.7334,23.57,6.1447,6.4078,2.6094,,64.5268
4718.0,19.6204,8.1002,10.6601,24.92,6.1362,6.4006,2.6321,,72.3068
4718.5,13.6223,7.906,51.048,28.63,6.184,6.4598,2.6197,,76.501
4719.0,12.3608,9.5073,48.3012,28.19,6.1378,6.5207,2.6282,,73.6932
4719.5,43.8054,19.019,9.9732,31.92,6.1888,6.5745,2.7193,,78.5245
4720.0,85.8422,21.8453,12.0432,42.25,6.1755,6.6104,2.5378,,92.4659
4720.5,82.7236,4.4824,9.9037,41.61,6.2511,6.5799,2.5083,,92.5215
4721.0,61.317,1.572,2.1028,45.54,6.1761,6.5548,2.5156,,100.2368
4721.5,48.3663,1.1544,1.2891,45.64,6.1823,6.6122,2.5453,,97.7334
4722.0,52.4799,1.0488,1.1487,44.61,6.0924,6.6857,2.4226,,95.0007
4722.5,55.0047,1.0698,1.2041,46.8,6.1198,6.7179,2.5622,,96.4702
4723.0,57.7421,1.1034,1.1981,50.19,6.1301,6.7161,2.5487,,96.1008
4723.5,42.9985,1.1691,1.113,45.99,6.2297,6.5763,2.339,,95.3216
4724.0,27.0982,1.3359,1.1251,44.95,6.116,6.5279,2.5902,,83.0864
4724.5,12.2166,1.6751,1.8275,35.85,6.1798,6.4882,2.6912,,79.1596
4725.0,14.0057,2.9107,4.3664,26.27,6.1819,6.4042,2.6714,,75.217
4725.5,13.4523,7.7183,8.0551,26.86,6.1393,6.4042,2.6786,,68.4461
4726.0,12.8449,8.8682,11.5212,22.53,6.142,6.3702,2.685,,70.4557
4726.5,10.8357,7.6062,35.5215,20.66,6.0987,6.3702,2.6569,,66.0371
4727.0,12.2014,10.142,31.5888,22.57,6.1362,6.4221,2.6571,,64.4997
4727.5,10.5989,15.7811,27.264,25.04,6.1766,6.4885,2.6661,,71.2397
4728.0,16.1926,17.6098,18.035,27.33,6.2176,6.3719,2.6358,,76.7262
4728.5,125.1131,6.0648,5.0445,40.25,6.1729,6.2984,2.6868,,87.0554
4729.0,133.3881,2.9193,2.6388,46.46,6.0978,6.2913,2.6858,,84.0495
4729.5,115.8544,2.3376,2.1543,43.69,6.0803,6.2877,2.6462,,85.3639
4730.0,96.764,2.0767,1.9607,45.28,6.0669,6.2823,2.6609,,88.4792
4730.5,89.1117,1.842,1.7821,43.94,6.1002,6.3235,2.6696,,87.3448
4731.0,82.0108,1.6849,1.6484,44.64,6.0688,6.3648,2.647,,85.6072
4731.5,83.0165,1.6432,1.6124,45.38,6.0679,6.3719,2.6286,,85.1915
4732.0,87.3469,1.6987,1.6578,47.66,6.0688,6.4464,2.733,,82.7702
4732.5,80.4324,1.8853,1.8051,45.64,6.0321,6.4598,2.704,,85.4254
4733.0,91.9044,2.0471,1.9315,47.13,6.048,6.4882,2.5865,,90.9978
4733.5,102.4426,1.7841,1.7047,40.7,6.0666,6.4849,2.562,,94.5167
4734.0,96.8615,1.3905,1.3745,42.11,6.101,6.5154,2.5231,,94.735
4734.5,83.1971,1.2472,1.2629,42.61,6.1744,6.443,2.769,,91.1844
4735.0,79.4649,1.337,1.3622,41.68,6.1447,6.4042,2.7274,,90.0591
4735.5,83.3766,1.329,1.3734,43.53,6.1374,6.406,2.6465,,93.8743
4736.0,79.6508,1.2956,1.3311,47.26,6.1837,6.3397,2.6569,,87.349
4736.5,71.6493,1.4512,1.4034,42.36,6.1466,6.32,2.6305,,86.9608
4737.0,63.8222,2.0955,1.4562,36.34,6.1263,6.3218,2.6277,,63.1858
4737.5,49.3007,3.0377,1.5621,28.7,6.106,6.3227,2.6236,,88.5038
4738.0,74.3648,3.0234,1.5768,42.82,6.1416,6.3253,2.6347,,96.9444
4738.5,82.686,2.0298,1.3443,42.04,6.1782,6.331,2.4759,,102.3072
4739.0,92.9351,1.2954,1.3001,42.42,6.2404,6.3235,2.5969,,107.3947
4739.5,91.9788,1.0791,1.4711,41.29,6.1368,6.3415,2.5776,,82.8937
4740.0,71.7634,0.9857,1.3235,36.46,6.1227,6.2626,2.6655,,86.3932
4740.5,70.4433,1.1468,0.8402,38.14,6.1592,6.2482,2.555,,87.2564
4741.0,49.8022,1.4002,0.6576,32.92,6.1002,6.268,2.6365,,56.1454
4741.5,42.6451,1.773,0.6964,16.02,6.106,6.2411,2.673,,52.481
4742.0,53.9471,2.5186,1.2144,21.5,6.0662,6.2874,2.609,,65.0247
4742.5,59.8439,2.5764,2.4679,30.25,6.1485,6.2841,2.5997,,82.7894
4743.0,56.1654,1.7698,2.8077,34.38,6.1838,6.2751,2.6032,,79.8827
4743.5,46.254,1.952,3.2976,31.86,6.101,6.2464,2.7598,,59.8771
4744.0,40.9772,2.6821,4.3744,21.51,6.1064,6.25,2.7197,,58.0135
4744.5,43.1197,4.505,11.811,19.71,6.1591,6.2716,2.7192,,62.3163
4745.0,39.5717,6.4112,50.8893,14.24,6.1042,6.25,2.7389,,59.3046
4745.5,41.473,9.609,91.2648,13.51,6.0662,6.2733,2.7321,,54.5364
4746.0,41.5928,25.0445,39.9215,15.79,6.1037,6.2859,2.724,,56.242
4746.5,40.179,97.4545,19.0665,18.65,6.142,6.2859,2.7174,,56.8458
4747.0,39.4896,429.2322,11.3732,14.35,6.0547,6.2895,2.7418,,56.5353
4747.5,38.6112,238.7974,9.9372,12.95,6.0627,6.2858,2.7659,,51.4416
4748.0,38.8519,142.7431,12.5002,13.03,6.0302,6.2805,2.7608,,55.2528
4748.5,38.7992,98.6687,16.1891,13.96,6.0589,6.3164,2.7384,,55.7347
4749.0,39.3703,60.7493,15.6818,13.11,6.0681,6.3253,2.7769,,56.8698
4749.5,38.3492,40.1176,13.89,12.2,6.1033,6.3243,2.7391,,54.4299
4750.0,40.0733,82.551,16.1912,14.47,6.0671,6.3253,2.753,,51.6429
4750.5,36.656,172.0007,17.7572,16.51,6.1098,6.3253,2.7794,104.3155,56.7389
4751.0,37.5644,156.561,17.7402,16.98,6.1009,6.3235,2.7425,111.1868,56.9306
4751.5,39.0596,122.1911,16.6779,17.76,6.1167,6.3218,2.7607,111.9446,56.9514
4752.0,41.3254,128.2831,14.303,19.74,6.1405,6.3361,2.7125,113.3711,61.041
4752.5,43.7434,196.9512,13.1011,19.58,6.1039,6.2824,2.7243,114.3846,61.0303
4753.0,42.7712,122.6712,12.538,19.42,6.1071,6.2908,2.7501,113.3827,61.4645
4753.5,42.6848,51.7979,14.083,20.25,6.1068,6.2895,2.7581,113.3969,62.4011
4754.0,42.6503,28.7583,11.9179,21.33,6.1417,6.2877,2.7514,113.5789,62.6172
4754.5,45.7007,19.9336,11.7447,20.92,6.1425,6.2874,2.6922,113.8215,64.4358
4755.0,45.0667,9.6671,6.0335,21.5,6.1316,6.2941,2.7023,114.8987,65.0466
4755.5,40.8672,8.4465,4.5107,21.58,6.1068,6.2823,2.7383,113.4472,62.6137
4756.0,38.0959,9.4573,3.7692,23.96,6.098,6.2824,2.7515,112.414,59.0366
4756.5,44.2527,9.7232,2.4967,27.66,6.146,6.2908,2.7219,120.8339,63.204
4757.0,84.8154,3.5795,0.9182,36.43,6.1454,6.7215,2.2957,176.0692,89.051
4757.5,93.803,1.2617,0.5236,35.33,6.5129,7.7666,2.5676,219.2466,101.0408
4758.0,91.5064,0.9156,0.5499,34.33,6.8592,6.7861,2.6175,209.3391,106.1483
4758.5,95.0352,0.8198,0.7188,39.58,6.4379,7.9477,2.0533,186.6164,95.0419
4759.0,96.0186,0.7925,0.7771,40.01,6.8489,6.7699,2.7081,221.9217,111.5382
4759.5,98.3745,0.7874,0.7751,42.28,7.0421,6.7744,2.4464,192.2808,98.6756
4760.0,95.5431,0.7707,0.7683,38.45,6.306,6.6229,2.4253,185.7254,101.9137
4760.5,109.1947,0.7479,0.7564,40.57,6.334,8.3816,2.3516,192.891,99.9537
4761.0,101.5233,0.8111,0.8085,44.21,6.6286,7.293,2.7097,178.9365,96.0095
4761.5,83.5489,0.9639,0.9237,43.88,6.3102,6.684,2.587,171.1858,92.2882
4762.0,81.5862,1.0798,1.0025,43.65,6.301,6.6713,2.6128,192.7864,95.8064
4762.5,88.3398,0.9525,0.9027,40.88,6.1427,6.5225,2.4282,197.6869,103.656
4763.0,96.9245,0.7962,0.7951,41.51,5.9279,6.4329,2.6042,194.4715,99.0681
4763.5,90.2701,0.7104,0.7344,39.48,5.9896,6.406,2.7282,187.3656,94.8246
4764.0,84.3877,0.6117,0.6594,40.2,5.9826,6.3755,2.4174,188.8926,97.3041
4764.5,90.5893,0.5829,0.6352,40.18,5.9667,6.4741,2.6618,190.2511,95.3405
4765.0,86.4935,0.5855,0.5975,41.19,5.9936,6.5136,3.0097,187.2651,96.3715
4765.5,82.1749,0.4507,0.4604,40.48,5.941,6.5064,2.7119,186.3984,94.5653
4766.0,82.0641,0.4035,0.4202,43.6,5.9207,6.5691,2.6214,192.1479,98.3872
4766.5,85.5783,0.4753,0.5108,39.96,5.8391,6.4831,2.9169,187.0298,97.7378
4767.0,82.1301,0.4751,0.5347,42.42,5.8823,6.4383,2.8308,189.2882,95.1864
4767.5,89.67,0.4712,0.5015,41.39,6.0159,6.5763,2.616,192.5586,94.8784
4768.0,79.5047,0.4815,0.4929,39.78,6.1033,6.9277,2.4513,192.3053,97.5699
4768.5,77.7781,0.4938,0.5178,41.52,6.1072,6.7179,2.4589,191.7228,98.4095
4769.0,71.4227,0.5191,0.5632,43.53,6.0747,6.4096,2.5806,189.3186,93.9859
4769.5,62.894,0.6067,0.657,40.1,6.0991,6.3809,2.638,176.0929,90.4384
4770.0,62.8756,0.7436,0.794,37.18,6.1062,6.3684,2.6384,185.9972,94.4821
4770.5,61.3159,0.7638,0.8294,37.49,6.123,6.3702,2.6906,167.1251,90.507
4771.0,67.7856,0.7412,0.8246,36.31,6.0954,6.6723,2.6725,174.0566,87.5914
4771.5,68.9071,0.7613,0.8495,34.84,6.0784,7.037,2.4462,194.867,98.1513
4772.0,51.3544,0.6574,0.7158,41.91,6.0593,6.7484,2.4647,197.4303,107.2814
4772.5,41.6482,0.6004,0.6455,41.87,6.2133,6.4042,2.5588,186.1667,96.3848
4773.0,49.4658,0.6467,0.6821,39.36,6.1359,6.4293,2.5688,186.1981,98.2635
4773.5,51.1818,0.6827,0.7105,41.14,6.1079,6.3666,2.5387,184.1565,95.0176
4774.0,44.4269,0.7194,0.7448,39.72,6.0792,6.3343,2.652,168.5562,89.3404
4774.5,39.7344,0.8778,0.9128,36.18,6.1158,6.2464,2.6276,153.3685,86.4934
4775.0,18.3394,1.2535,1.3522,25.56,6.1052,6.2188,2.6727,132.2688,70.7472
4775.5,17.8696,2.1337,3.2885,27.24,6.0999,6.3522,2.6544,125.274,67.1614
4776.0,15.8205,4.4601,12.8244,27.2,6.1439,6.3648,2.6243,125.3504,71.3838
4776.5,14.3127,6.6992,30.0737,28.06,6.1375,6.3711,2.6211,122.9749,69.1782
4777.0,15.5126,7.1362,45.597,22.57,6.1076,6.3612,2.6805,113.1676,61.2485
4777.5,12.7436,7.7579,40.6534,21.81,6.1033,6.363,2.6891,112.0194,58.8575
4778.0,12.806,11.1666,57.078,19.86,6.1083,6.3648,2.6971,117.4563,58.5143
4778.5,16.8142,10.4227,40.5504,22.99,6.103,6.3702,2.6657,129.56,79.4583
4779.0,19.0589,6.9623,12.8012,29.57,6.1382,6.3648,2.6246,131.7542,74.7898
4779.5,13.8306,8.41,11.2572,25.44,6.1431,6.3648,2.6689,125.5286,67.3824
4780.0,13.5145,9.7921,25.3211,23.91,6.1315,6.3702,2.667,121.848,65.7801
4780.5,12.377,9.2082,31.1843,21.49,6.1811,6.3176,2.7133,116.6646,59.9194
4781.0,14.2446,12.5818,38.9209,21.99,6.1407,6.3182,2.7124,113.9934,61.1294
4781.5,13.5821,9.0781,26.9169,22.39,6.1125,6.3627,2.713,112.4475,58.4268
4782.0,14.3386,5.9736,16.5557,23.18,6.1302,6.3594,2.6833,114.7064,60.3926
4782.5,16.564,6.1895,16.2486,22.92,6.1046,6.3737,2.665,120.6019,64.7965
4783.0,18.9648,8.2299,15.9978,23.58,6.1022,6.3612,2.6421,122.7643,65.3612
4783.5,19.6979,10.2095,20.73,24.62,6.0987,6.3644,2.6202,123.2624,68.8207
4784.0,17.4887,39.419,17.8541,29.78,6.1453,6.3612,2.5868,125.2729,70.7766
4784.5,14.8907,231.3998,34.2928,30.99,6.1374,6.4042,2.576,132.1224,70.4238
4785.0,16.3196,90.9094,28.9707,30.32,6.2143,6.4096,2.6009,132.5793,68.3803
4785.5,14.9894,51.7969,19.8148,24.73,6.1819,6.3988,2.6376,124.1953,68.8545
4786.0,14.729,48.9118,15.6414,20.22,6.2194,6.4024,2.6948,117.1706,62.8902
4786.5,13.121,48.2054,17.4946,20.03,6.1757,6.4024,2.7186,112.2971,58.4452
4787.0,12.8246,43.8908,25.2779,21.14,6.1762,6.4062,2.674,120.0926,60.4794
4787.5,14.7304,33.6546,36.3749,18.98,6.1791,6.4168,2.7348,121.2129,59.6903
4788.0,13.1193,22.4233,43.5897,21.54,6.1721,6.4096,2.6973,122.9601,59.4526
4788.5,13.7786,17.5949,41.4662,21.89,6.2166,6.4257,2.6262,125.6096,63.2257
4789.0,17.4178,14.9134,25.1316,26.0,6.173,6.4168,2.6084,124.2059,64.4183
4789.5,18.1998,13.7107,17.853,27.46,6.1796,6.4347,2.5259,125.4406,64.604
4790.0,26.9048,12.3021,33.5671,28.06,6.1773,6.4831,2.5712,127.5979,66.9118
4790.5,42.8163,6.7756,13.3186,27.03,6.2186,6.4723,2.6587,140.8402,78.6041
4791.0,36.1767,6.368,13.2056,27.23,6.2254,6.4419,2.5826,146.7025,79.7413
4791.5,32.218,19.4502,73.4482,24.48,6.2317,6.4414,2.6305,142.8122,78.997
4792.0,33.2923,93.3871,59.6035,25.34,6.2937,6.4365,2.6421,138.0477,73.08
4792.5,28.664,130.7598,33.1496,17.47,6.2159,6.4078,2.7002,131.361,73.1173
4793.0,42.6726,48.5804,55.4284,22.1,6.2149,6.4447,2.7729,130.9303,72.3832
4793.5,101.7312,15.845,23.0664,29.61,6.1755,6.4006,2.6699,117.9871,61.0896
4794.0,76.6337,5.1763,5.4031,22.1,6.1834,6.4293,2.6994,125.4187,70.7108
4794.5,86.5386,11.7181,12.924,25.61,6.175,6.4454,2.6786,113.8226,64.9264
4795.0,88.4062,5.4621,5.2407,26.46,6.213,6.4401,2.5946,122.7489,69.3431
4795.5,66.5493,7.8033,8.8633,22.41,6.2593,6.4024,2.7924,106.4069,61.5425
4796.0,67.1463,35.0164,26.0976,22.65,6.3236,6.4029,2.6771,103.8502,62.4462
4796.5,58.867,17.2583,14.1323,22.24,6.2148,6.3684,2.6737,109.895,64.5339
4797.0,60.4585,13.1315,11.886,22.56,6.2669,6.3719,2.7284,105.8346,62.4122
4797.5,70.665,14.4001,13.365,25.12,6.2583,6.3276,2.6985,105.9315,62.7077
4798.0,75.3038,17.3738,16.9064,21.7,6.2524,6.2841,2.6916,104.2882,61.2684
4798.5,42.859,22.0542,21.2667,11.18,6.2049,6.2339,2.6688,102.3662,60.5294
4799.0,21.1633,30.9464,28.2899,5.92,6.1446,6.1604,2.5933,96.2693,62.8928
4799.5,19.0566,122.6726,284.608,5.75,6.1009,6.1263,2.4619,99.0903,62.971
4800.0,14.2357,582.6841,366.2667,7.99,6.0639,6.1335,2.5305,97.762,60.1294
4800.5,21.9182,982.0423,255.9467,9.38,5.9535,6.1317,2.46,103.8273,64.5605
4801.0,36.0159,437.2129,195.2057,15.12,5.9528,6.1302,2.4152,105.3349,66.3275
4801.5,44.5003,164.7261,92.2648,15.52,5.9535,6.1299,2.4025,111.7284,70.5966
4802.0,36.5722,113.1275,71.84,12.95,5.9489,6.1317,2.4035,112.7625,70.9778
4802.5,25.2896,102.7684,72.8235,15.17,5.9522,6.1228,2.4652,104.6805,67.3139
4803.0,12.8475,159.4369,106.6762,6.92,5.9681,6.1246,2.4134,106.0782,68.4495
4803.5,19.1723,330.9058,211.8462,5.4,5.9594,6.1281,2.4333,103.6514,66.377
4804.0,18.9743,328.6174,150.4669,6.04,5.9903,6.2088,2.5053,97.5348,64.492
4804.5,50.8525,145.5158,93.12,6.87,5.9896,6.2411,2.4982,96.3904,64.6322
4805.0,40.9748,83.6811,72.1094,7.73,5.9888,6.2823,2.4899,94.1641,64.2949
4805.5,23.8601,31.6269,25.3156,8.27,6.0369,6.2787,2.4596,103.9413,66.7014
4806.0,21.1046,61.856,41.0009,8.65,6.1795,6.336,2.4216,104.3217,68.8221
4806.5,35.4844,76.015,38.6281,8.73,6.1788,6.4078,2.4314,101.3322,68.2888
4807.0,30.9878,57.0608,26.4135,9.56,6.139,6.4401,2.4282,105.2855,70.532
4807.5,31.5078,49.2362,21.6445,9.83,6.2556,6.5082,2.4032,112.1442,71.0757
4808.0,29.6083,51.9929,22.7944,8.9,6.2891,6.363,2.449,111.9518,72.4266
4808.5,87.7047,45.2658,22.9107,8.36,6.2922,6.2858,2.5357,109.4903,70.5443
4809.0,141.2555,25.6385,14.0535,13.91,6.368,6.2662,2.6549,110.5748,68.9813
4809.5,184.7385,8.2792,6.5892,22.84,6.2524,6.2285,2.625,113.8811,67.0965
4810.0,111.0766,8.5045,7.5124,20.34,6.163,6.2751,2.7617,113.2307,65.5556
4810.5,119.1147,8.4132,8.255,18.74,6.1427,6.2877,2.6387,122.0003,69.3309
4811.0,115.4364,11.3468,11.1336,17.06,6.1788,6.2859,2.8781,115.6802,62.8385
4811.5,128.4121,13.2304,13.6718,15.87,6.1719,6.3276,2.6603,110.09,66.7271
4812.0,103.7203,11.7471,13.1783,12.62,6.1401,6.2393,2.7233,112.2374,65.5304
4812.5,93.2019,15.178,14.8599,10.74,6.1819,6.2423,2.6666,111.752,65.2756
4813.0,90.1149,16.5954,16.1112,9.37,6.1727,6.25,2.6659,109.4791,64.3387
4813.5,96.6796,17.2119,22.6488,13.62,6.1394,6.2423,2.7161,104.673,62.3964
4814.0,95.0594,19.9649,21.3013,9.4,6.0953,6.2393,2.6721,106.3998,62.4953
4814.5,71.2686,17.9562,15.9289,9.26,6.0764,6.2411,2.6518,106.0207,63.3226
4815.0,78.0996,19.8532,19.7541,10.88,6.1037,6.2447,2.6657,103.9326,62.2552
4815.5,115.7796,17.6796,17.7086,11.88,6.116,6.2464,2.7227,104.7766,63.3439
4816.0,106.1067,19.0543,19.3605,15.55,6.1068,6.2411,2.6527,111.9219,62.0184
4816.5,86.3715,12.608,12.4094,9.48,6.1039,6.2429,2.6864,113.0247,67.0018
4817.0,107.4197,14.1516,15.4296,12.78,6.1355,6.2393,2.6368,105.6824,62.289
4817.5,107.6231,13.2936,14.2941,13.06,6.0953,6.2473,2.6531,111.2144,65.6718
4818.0,106.8479,12.3137,12.7273,13.39,6.1062,6.2439,2.6692,106.8535,64.5194
4818.5,98.7478,14.3976,13.5352,13.53,6.0815,6.2423,2.6857,106.2848,64.4462
4819.0,112.9596,15.6421,13.5154,14.91,6.0991,6.2423,2.6625,112.0706,65.5312
4819.5,105.4859,14.7209,15.299,12.9,6.0999,6.2172,2.6644,111.9022,64.6413
4820.0,105.4628,16.2099,17.5152,9.42,6.1347,6.1819,2.6443,109.8382,64.4505
4820.5,79.2355,18.2398,15.4012,5.96,6.1218,6.164,2.7161,106.2962,64.4126
4821.0,80.931,25.0038,18.3117,7.85,6.1282,6.1686,2.6479,103.6739,59.2906
4821.5,83.3514,35.1653,31.1933,7.4,6.1098,6.1658,2.6685,103.6718,60.6664
4822.0,111.8949,27.7861,26.2385,16.39,6.0838,6.173,2.6656,104.1864,62.3219
4822.5,102.1761,21.647,21.5061,12.64,6.0719,6.1653,2.6438,112.185,66.4377
4823.0,112.2318,17.048,17.2567,19.45,6.0685,6.1737,2.6683,111.8009,64.3818
4823.5,151.2136,15.6312,10.8168,21.18,6.106,6.1737,2.643,115.4579,65.9632
4824.0,139.242,10.8052,7.4145,21.79,6.0715,6.1712,2.725,124.7637,70.6661
4824.5,103.2091,7.6406,8.8609,12.44,6.1022,6.1712,2.6532,126.2819,72.797
4825.0,96.5154,8.4909,12.5999,9.6,6.0997,6.1658,2.6581,115.2522,67.3802
4825.5,107.1862,11.8892,23.8525,10.69,6.0846,6.173,2.6574,106.8356,64.3229
4826.0,124.5419,11.3328,19.3772,17.06,6.0547,6.1676,2.6603,105.4786,60.5867
4826.5,125.626,12.1753,18.9481,17.86,6.0617,6.1712,2.7014,112.0398,64.1294
4827.0,119.9012,11.715,14.1538,15.56,6.0584,6.164,2.6622,115.3684,68.2328
4827.5,123.2863,10.5814,11.6225,17.23,6.0577,6.1694,2.6279,117.7125,67.7242
4828.0,110.2195,13.3987,13.3602,11.36,6.0554,6.1676,2.6379,111.7844,64.6213
4828.5,100.6473,15.4104,14.5423,11.31,6.063,6.1604,2.6967,113.1832,67.4695
4829.0,102.5517,14.4517,13.5058,11.27,6.0662,6.1676,2.6547,106.4106,63.4909
4829.5,87.5059,21.4108,19.1402,8.14,6.0677,6.1676,2.704,104.7186,63.2999
4830.0,88.3295,23.4279,18.4664,9.08,6.0441,6.1945,2.6613,103.0561,60.3598
4830.5,88.4017,33.8397,31.5349,7.58,6.0462,6.207,2.6594,101.7813,60.3807
4831.0,69.6031,27.4077,28.0978,7.93,6.0639,6.2088,2.6859,103.978,62.3912
4831.5,93.2978,22.5981,22.7754,9.7,6.04,6.2142,2.6724,100.7164,58.695
4832.0,88.9761,32.2423,34.0115,8.97,6.093,6.2034,2.6549,103.8882,61.1426
4832.5,97.7623,16.9426,18.3466,11.41,6.1436,6.2106,2.7243,103.9512,62.477
4833.0,100.8551,17.978,17.8258,11.11,6.1037,6.0457,2.6819,104.1756,62.5354
4833.5,87.7664,16.4204,15.137,9.64,6.1041,6.1603,2.721,105.1812,63.4246
4834.0,110.4594,18.2864,17.5725,13.18,6.1083,6.2142,2.6914,104.849,61.5547
4834.5,104.553,19.3651,15.563,14.01,6.119,6.2088,2.6442,105.9089,60.7405
4835.0,107.1533,17.4899,11.6892,12.26,6.1152,6.2106,2.6708,112.2317,65.5114
4835.5,111.5086,16.4166,16.2276,12.19,6.1068,6.2088,2.7171,106.5874,62.8088
4836.0,117.7857,15.4606,12.7463,13.36,6.139,6.2071,2.6378,106.786,64.3478
4836.5,111.0713,14.3658,15.1131,12.3,6.1374,6.2034,2.6749,109.5955,63.459
4837.0,80.9776,15.6579,15.3237,8.44,6.096,6.2088,2.6659,106.7245,64.3708
4837.5,88.497,16.447,15.4361,6.19,6.0933,6.207,2.706,105.1639,63.5537
4838.0,73.3871,23.8311,23.7152,5.59,6.0945,6.2088,2.6772,102.8567,60.2672
4838.5,99.4072,26.8964,27.0157,7.34,6.083,6.207,2.6423,98.3077,60.3158
4839.0,97.3024,34.278,34.4615,7.98,6.0593,6.2016,2.6231,98.9519,60.8153
4839.5,94.2341,18.5912,18.3923,7.93,6.0567,6.2142,2.6711,102.7032,62.7015
4840.0,103.3427,19.8391,19.2018,8.16,6.0202,6.2016,2.6448,102.7032,62.4905
4840.5,80.5947,21.574,21.5634,6.61,6.0612,6.2106,2.684,103.6739,62.5031
4841.0,65.0862,16.9934,16.3967,4.15,6.0648,6.2052,2.6589,103.8083,63.1148
4841.5,57.3079,27.9904,27.3053,4.12,6.0861,6.2124,2.7187,97.9194,58.7251
4842.0,108.0207,66.0007,47.7377,12.22,6.0225,6.2052,2.6438,96.2575,56.5274
4842.5,94.4316,32.4689,24.6629,9.8,6.0243,6.198,2.6121,104.352,64.2813
4843.0,68.0012,15.8544,14.7485,9.19,6.0664,6.162,2.6328,105.4408,64.4241
4843.5,71.5331,20.0254,21.7032,6.41,6.1098,6.164,2.7078,102.941,61.5542
4844.0,84.8146,32.7312,31.5716,7.79,6.0677,6.1604,2.6776,98.7826,59.0622
4844.5,105.4982,33.2383,29.0276,11.35,6.0666,6.1694,2.6479,99.2078,60.6725
4845.0,84.2607,23.1011,21.4253,8.85,6.0676,6.1694,2.6281,103.8355,61.599
4845.5,67.2438,17.2483,17.0257,9.08,6.0593,6.1604,2.7332,104.9003,64.2821
4846.0,93.764,24.9523,25.5203,12.61,6.0608,6.1676,2.6717,102.7885,58.6691
4846.5,88.4218,18.9379,18.5845,11.86,5.994,6.1622,2.6583,104.1299,61.3801
4847.0,88.5405,12.3572,11.2754,10.52,5.9923,6.164,2.6664,110.318,64.383
4847.5,85.2396,12.5353,12.052,12.07,6.0252,6.1586,2.66,106.6206,63.4667
4848.0,91.6362,13.6858,13.1383,11.12,6.0585,6.1604,2.6823,106.9294,63.5663
4848.5,106.7152,13.2613,13.0973,14.38,6.0179,6.1686,2.7272,109.6301,64.2747
4849.0,92.1377,14.6226,15.0224,13.17,6.0194,6.1676,2.6512,111.2978,62.697
4849.5,92.6926,8.7507,8.5503,14.64,6.0232,6.1653,2.8644,113.5408,65.3459
4850.0,89.1695,18.7889,20.5751,16.24,6.0225,6.1686,2.6788,111.9343,61.2983
4850.5,105.1625,15.3277,15.1428,18.39,6.0164,6.2088,2.6651,114.3342,66.4787
4851.0,95.0811,15.3962,15.535,10.4,6.0432,6.2038,2.6824,120.0263,68.7445
4851.5,119.2706,10.4716,10.2066,18.02,6.0531,6.2138,2.6435,113.8221,64.0992
4852.0,108.7561,19.4918,16.4502,21.7,6.0608,6.2155,2.6627,119.8953,65.3797
4852.5,114.3523,11.86,11.4401,17.28,6.0276,6.2105,2.6705,123.6089,70.3966
4853.0,71.9438,9.747,9.6057,13.69,6.0348,6.2105,2.7812,124.1656,70.1135
4853.5,98.1823,11.0249,10.7842,17.93,6.0428,6.2214,2.6422,115.3342,65.0549
4854.0,109.6376,16.0821,16.2112,18.8,6.0363,6.2088,2.6873,113.854,62.5872
4854.5,108.1724,9.525,9.7482,20.51,6.065,6.2393,2.6777,125.9178,70.3518
4855.0,101.6006,7.9308,7.9409,19.56,6.0294,6.2375,2.7537,128.8678,70.3207
4855.5,116.9502,6.6743,6.6816,20.67,6.0685,6.2464,2.6624,127.7746,69.2328
4856.0,95.5612,6.3912,6.4112,16.46,6.0677,6.2375,2.7286,129.087,69.1233
4856.5,102.6255,7.6862,7.8851,17.59,6.0685,6.2482,2.6896,129.8672,71.2249
4857.0,107.863,8.2361,8.1295,16.17,6.0639,6.2429,2.711,125.6724,67.3335
4857.5,97.0621,9.1347,9.5446,15.75,6.0217,6.2423,2.6624,125.7036,70.271
4858.0,111.2033,10.2017,10.6965,17.68,5.9918,6.249,2.6786,121.733,66.5144
4858.5,95.2096,9.4884,9.6849,17.46,6.0023,6.2375,2.6908,123.2422,67.0124
4859.0,109.9761,11.7973,12.4121,17.2,5.9826,6.2447,2.6843,122.0525,66.3857
4859.5,114.163,7.6857,7.7562,20.26,5.9903,6.2429,2.7539,120.0804,65.5901
4860.0,101.0992,7.2374,7.2616,20.79,5.9907,6.2439,2.7063,122.8259,67.5061
4860.5,124.354,10.3717,11.056,22.1,5.985,6.2473,2.6501,124.2771,65.3717
4861.0,128.1123,7.2652,7.3175,19.62,5.9845,6.2506,2.6788,130.0441,70.4506
4861.5,99.9487,7.5923,7.5928,18.28,5.9828,6.2456,2.8087,125.2245,69.0158
4862.0,125.7042,5.6768,5.4747,21.35,5.9804,6.2088,2.6379,124.7336,66.8376
4862.5,125.302,6.1052,5.8374,19.88,5.9929,6.2482,2.7058,127.5416,69.3185
4863.0,126.9852,7.1351,6.9768,20.34,5.9949,6.2411,2.6555,126.6099,68.7536
4863.5,119.5633,8.1224,7.979,18.92,6.0207,6.2447,2.7498,123.9988,67.4531
4864.0,110.2756,9.6696,10.7165,20.79,6.0519,6.2447,2.7224,122.857,66.8927
4864.5,122.8955,8.1799,8.9625,19.21,6.0441,6.25,2.7065,121.888,67.4655
4865.0,110.053,8.5018,8.9787,15.97,6.0565,6.2447,2.736,114.425,64.3355
4865.5,109.0346,13.8772,14.8054,16.07,6.0528,6.2456,2.6355,112.4904,64.3852
4866.0,125.3217,11.4486,11.8982,17.82,6.0832,6.2518,2.6409,117.4878,68.2966
4866.5,101.4214,12.6212,12.6917,14.3,6.062,6.2393,2.7664,117.3945,66.7191
4867.0,104.4281,12.9904,12.4779,14.82,6.0948,6.2506,2.6554,111.886,65.2263
4867.5,103.8954,12.8249,12.5708,10.25,6.0978,6.2456,2.6768,111.252,64.9338
4868.0,56.542,23.3782,20.3334,1.86,6.1016,6.2572,2.72,97.9934,58.4229
4868.5,68.091,64.1026,39.6205,1.89,6.0271,6.2823,2.6462,89.9457,53.5741
4869.0,71.9624,89.0728,66.1231,3.81,5.9876,6.3182,2.5656,96.0522,59.1545
4869.5,98.7525,39.2211,36.9679,9.36,5.9872,6.3253,2.535,101.1605,62.7559
4870.0,98.8228,32.9874,32.599,4.81,6.0584,6.3253,2.6025,102.136,65.3104
4870.5,63.1162,53.3292,37.5002,6.66,5.9819,6.2607,2.5522,103.4405,64.325
4871.0,45.9361,99.8547,78.4715,4.58,5.9857,6.2105,2.5379,100.8043,63.3396
4871.5,61.0451,163.9426,75.4133,7.06,6.0616,6.2071,2.5338,98.9647,63.3272
4872.0,47.1653,195.2112,79.2331,8.73,6.1236,6.172,2.5032,104.2198,66.2616
4872.5,53.2882,217.7918,96.6551,7.25,6.1398,6.2052,2.5864,105.6909,66.7223
4873.0,53.2257,266.5845,98.52,4.06,6.0262,6.207,2.6032,99.4668,61.5472
4873.5,57.7717,653.0619,258.7505,4.58,6.0633,6.207,2.5853,97.1288,60.8228
4874.0,37.2858,1294.6158,371.9982,5.22,6.1275,6.1676,2.6236,97.8274,58.6398
4874.5,40.9328,1745.7831,335.3685,9.0,6.1386,6.1263,2.4579,104.1056,66.2537
4875.0,40.9734,1200.0619,265.6631,5.29,5.9891,6.1228,2.3877,106.6615,68.4395
4875.5,61.6814,494.657,180.4752,6.95,5.965,6.1268,2.5802,103.4297,62.8218
4876.0,49.9094,233.4998,111.1065,7.16,6.0639,6.1302,2.5277,106.3761,68.4958
4876.5,47.6685,295.7714,107.8632,1.75,6.0248,6.1251,2.6237,95.7064,56.7722
4877.0,44.5052,295.7699,179.9609,3.88,6.0248,6.1263,2.5813,92.738,58.5006
4877.5,42.131,206.7354,171.5057,8.41,6.0547,6.1299,2.4822,103.7491,66.1155
4878.0,65.053,151.2943,73.9427,6.83,5.9839,6.1703,2.4509,104.3432,68.3322
4878.5,55.9452,169.3036,58.7237,7.88,6.0248,6.1622,2.5284,104.575,69.3606
4879.0,53.8034,130.1757,64.408,6.68,5.9497,6.1909,2.4802,104.7396,67.0091
4879.5,88.8625,60.8186,49.5082,6.57,6.0654,6.2439,2.6133,102.0671,64.429
4880.0,63.1205,36.1724,33.3822,7.96,6.0378,6.2439,2.5617,104.1985,66.5331
4880.5,66.1771,43.3508,38.0841,8.0,6.0639,6.2447,2.5118,105.5708,67.5673
4881.0,60.741,52.0641,42.8345,8.36,6.0657,6.2841,2.5243,104.2347,67.3913
4881.5,98.4163,53.804,44.2749,7.34,6.0639,6.2841,2.5319,104.1183,66.7155
4882.0,61.054,60.3478,55.1004,8.01,6.1006,6.2895,2.6459,98.3968,64.3192
4882.5,46.3662,33.8226,31.3113,7.42,6.0631,6.4832,2.6114,106.0197,67.0953
4883.0,50.9419,103.3104,101.6729,6.64,6.1403,6.1658,2.4278,103.4094,64.7357
4883.5,70.2337,151.5118,85.8537,8.31,5.9865,6.2106,2.5804,105.1978,66.7448
4884.0,58.8462,105.43,60.0054,3.3,6.0676,6.2052,2.4881,105.6968,68.5054
4884.5,45.9043,93.9684,64.4053,1.63,6.0696,6.2016,2.7024,96.948,56.5347
4885.0,42.1101,167.7705,137.6228,1.3,5.9911,6.216,2.6755,88.9521,54.3948
4885.5,90.2691,267.411,192.8806,5.92,6.0014,6.164,2.5514,95.6901,61.4894
4886.0,72.1918,97.3456,63.8818,8.34,6.0374,6.1712,2.5105,104.1895,68.8401
4886.5,66.5533,134.9731,74.1037,9.32,6.0026,6.207,2.471,105.2425,68.5252
4887.0,77.5017,137.248,71.868,7.37,5.948,6.2411,2.475,104.1536,67.2817
4887.5,80.5866,107.9682,67.5965,8.74,5.9485,6.3218,2.5357,103.8614,66.4534
4888.0,77.0423,86.6187,62.7008,7.25,6.0639,6.3666,2.5627,104.0596,67.0428
4888.5,77.3044,68.9338,60.8498,6.86,6.0616,6.7961,2.5778,103.2942,64.9569
4889.0,75.7073,58.2095,57.4354,7.37,6.0712,6.5906,2.5338,99.3379,64.3684
4889.5,52.5169,63.495,63.1156,6.39,6.0348,6.5184,2.5505,99.2452,64.625
4890.0,87.2589,69.2959,60.3838,7.84,6.0896,6.4113,2.629,104.0827,67.0032
4890.5,64.1795,53.771,45.4692,8.24,6.0654,6.3307,2.5382,103.3588,67.4526
4891.0,67.4023,70.389,67.179,7.14,6.0746,6.3778,2.5183,105.6175,68.9473
4891.5,85.1317,54.4006,55.0965,7.34,6.0945,6.397,2.7475,104.0765,66.7654
4892.0,72.6651,45.8029,42.9395,6.32,6.0942,6.3164,2.5973,104.468,66.4107
4892.5,99.6418,40.5694,37.6342,6.1,6.1198,6.3845,2.5792,102.3957,64.448
4893.0,59.7261,45.3136,44.0054,2.24,6.1906,6.3627,2.6342,95.8488,60.5047
4893.5,66.5916,57.039,74.7852,4.26,6.1427,6.3684,2.75,101.272,63.2892
4894.0,99.1818,29.3941,27.5347,7.87,6.097,6.5817,2.6485,96.0396,65.0434
4894.5,64.5242,39.6307,37.5389,5.98,6.1696,6.679,2.5632,95.0161,65.3648
4895.0,74.4636,41.6506,39.9463,5.92,6.139,6.7233,2.6033,104.1537,66.8654
4895.5,69.3975,35.9997,44.3374,5.8,6.1782,6.7932,2.6372,114.7239,68.7865
4896.0,84.8379,35.7798,39.7289,6.58,6.1762,6.3146,2.6176,98.4851,64.8968
4896.5,93.2369,24.845,31.0609,7.18,6.0233,6.3929,2.8348,104.1105,62.4197
4897.0,92.9092,22.8281,44.9615,5.61,6.0239,6.4464,2.7536,105.1234,61.0972
4897.5,94.6648,36.2245,38.664,5.98,6.1722,6.2841,2.6473,102.0086,63.4546
4898.0,87.5143,39.0041,34.1863,6.45,6.0991,6.3325,2.5878,94.7165,62.5235
4898.5,79.8334,39.9234,45.2052,6.49,6.1128,6.3325,2.6166,95.5002,60.7624
4899.0,79.7506,43.2609,59.3328,5.61,6.0647,6.4365,2.6432,103.8581,64.5829
4899.5,68.6299,55.7344,58.2395,4.71,6.0646,7.0805,2.5538,96.6565,59.2151
4900.0,54.9616,75.286,58.3536,5.47,6.0321,6.356,2.6603,101.6092,65.3509
4900.5,43.3854,43.2559,42.1042,5.78,6.063,6.3666,2.627,103.4575,65.0203
4901.0,44.222,33.0106,30.9339,5.25,6.0654,6.3146,2.5041,103.8759,64.9444
4901.5,49.0914,58.765,44.4552,7.45,5.9684,6.2877,2.6291,103.1937,60.4599
4902.0,56.978,105.5503,59.3046,13.64,5.9592,6.25,2.5587,99.4206,64.1622
4902.5,50.6989,138.1376,109.7443,18.87,5.914,6.2106,2.6694,105.4532,68.8026
4903.0,58.638,52.8568,61.6312,13.92,6.0609,6.2142,2.599,111.8733,66.3627
4903.5,131.9227,23.641,25.617,12.08,6.0968,6.1998,2.4642,118.3777,72.5061
4904.0,117.6828,13.4486,11.8164,10.03,6.1021,6.3594,2.546,110.721,70.4907
4904.5,69.5318,80.1349,69.0818,13.27,5.9397,6.2716,2.6046,106.8369,68.3279
4905.0,86.3833,111.2039,108.4604,13.5,5.8726,6.0923,2.4541,114.57,69.7973
4905.5,153.5623,23.5808,18.7598,14.13,5.8354,6.0815,2.434,115.2494,70.9627
4906.0,115.8047,41.8887,30.8539,14.57,5.9459,6.0851,2.5352,112.041,70.2871
4906.5,79.8321,79.3735,35.3625,15.6,6.0118,6.0887,2.5482,105.6192,67.117
4907.0,79.1387,47.8468,28.2734,9.38,6.0643,6.1676,2.5883,111.7334,67.1605
4907.5,81.6826,24.7103,16.0446,12.87,6.0294,6.6839,2.4832,93.1661,64.4317
4908.0,127.8297,19.6809,13.6239,6.03,6.0271,8.6469,2.0184,123.2568,69.1697
4908.5,173.7153,12.8096,10.7203,8.37,6.0639,9.1256,2.1718,121.1122,68.9523
4909.0,118.7974,10.0168,9.5388,5.89,5.9912,9.2439,2.2311,112.227,62.4513
4909.5,117.1976,5.1586,5.1617,8.4,5.9172,6.8112,2.5411,118.3456,76.4814
4910.0,63.8989,10.2714,7.6501,9.0,5.9891,6.2895,2.4922,97.9769,66.5426
4910.5,52.3721,43.7772,19.0913,8.41,6.1387,6.3433,2.565,102.195,64.415
4911.0,78.9735,106.9357,44.3555,11.22,6.101,6.363,2.7125,103.7945,62.7839
4911.5,96.4756,52.5458,25.9378,10.92,6.0803,6.3612,2.7853,103.752,60.4907
4912.0,157.7056,28.5172,14.5728,13.01,6.1402,6.838,2.3497,110.3475,60.4322
4912.5,156.1509,18.1499,9.3265,15.41,6.0231,6.8363,2.6633,121.453,68.3372
4913.0,158.1431,6.5515,6.0256,16.65,6.0957,6.5656,2.7315,131.9326,74.0809
4913.5,166.8865,7.283,7.1354,22.5,6.0577,6.7643,2.5746,146.4017,74.593
4914.0,173.9679,6.5053,6.663,9.48,6.1449,8.0393,2.5521,139.8199,74.4466
4914.5,160.1281,6.2818,6.3208,6.58,6.1685,8.0276,1.4575,148.635,75.9439
4915.0,112.7809,7.1613,6.7766,4.41,6.3767,10.0237,1.451,111.7978,62.703
4915.5,70.1433,15.4046,11.3865,8.1,6.9305,10.2713,1.4423,83.2234,60.5386
4916.0,133.3673,14.1321,17.3086,21.84,7.0017,8.2364,2.0176,140.6258,71.5336
4916.5,145.1876,7.3236,12.1899,23.27,6.1063,6.8273,2.7218,141.2858,74.2674
4917.0,140.4461,5.3899,7.7597,20.01,6.1245,6.363,2.6073,140.491,72.9894
4917.5,149.8795,6.6953,7.5116,22.42,6.1373,6.3164,2.7043,137.5903,72.8253
4918.0,152.2113,6.5378,7.0818,21.16,6.1026,6.4221,2.3786,132.7039,72.8889
4918.5,115.0473,6.751,7.4483,16.53,6.0627,6.7359,2.5698,129.2106,67.6268
4919.0,133.6696,8.5512,9.5578,19.33,6.0575,6.3397,2.5928,128.8918,71.1945
4919.5,147.5273,10.0355,11.0863,18.64,6.0305,6.3996,2.6579,122.6614,67.434
4920.0,130.9705,11.3951,11.3196,23.78,6.0685,6.3952,2.8173,131.7471,69.1225
4920.5,151.3327,9.0627,7.4804,24.2,6.1038,6.4042,2.8365,122.4348,68.8186
4921.0,100.9397,14.5045,13.0865,14.3,6.0666,6.449,2.8016,106.1369,54.6725
4921.5,69.2664,24.8307,18.0701,7.63,6.0648,7.8169,2.2014,98.5868,54.4236
4922.0,61.9561,27.7931,15.89,3.95,5.9904,6.6086,2.5896,114.2217,69.2909
4922.5,134.3654,13.3567,12.8539,20.52,6.0643,6.3218,2.6776,122.9385,67.5258
4923.0,106.6647,9.8203,10.9569,19.67,5.8344,6.7592,2.2836,113.2486,64.6416
4923.5,120.0036,13.2986,12.4204,17.14,6.0275,6.6472,2.3841,121.2442,66.7795
4924.0,156.1056,12.7114,12.2624,27.52,6.0424,6.3056,2.6329,147.7891,70.3237
4924.5,151.9667,8.9507,8.8535,23.33,6.0142,6.2858,2.7833,130.4678,66.7787
4925.0,163.472,9.2197,9.8654,27.37,6.0313,6.2874,2.7109,141.9687,73.0268
4925.5,151.7054,7.2041,7.4335,26.27,6.0689,6.2859,2.719,140.9077,73.3304
4926.0,181.6251,7.0148,7.1588,25.7,6.0657,6.3289,2.7057,146.6862,73.6937
4926.5,198.6361,6.4897,6.4375,26.07,6.0321,6.3242,2.6837,147.6375,74.5379
4927.0,195.2696,6.7078,6.7966,27.0,6.0597,6.2841,2.8034,141.634,72.849
4927.5,167.0971,6.3799,6.5946,26.96,6.0627,6.2859,2.73,149.652,75.1334
4928.0,151.9411,6.0195,6.4324,27.78,6.0281,6.2877,2.6988,148.6031,74.7269
4928.5,153.9153,5.6017,5.5778,28.33,6.0658,6.2823,2.671,149.2585,76.5069
4929.0,163.0952,6.0221,6.6624,29.49,6.1056,6.2841,2.6833,148.0671,74.6155
4929.5,165.013,6.1503,6.453,26.37,5.9937,6.2859,2.7235,148.081,74.8207
4930.0,168.8995,7.2479,7.4508,27.16,5.9562,6.2874,2.6917,141.5481,73.1536
4930.5,164.82,7.2988,7.4376,28.08,5.983,6.2858,2.7424,140.0423,72.6782
4931.0,159.0808,8.2951,8.6102,26.15,5.9868,6.2841,2.7325,140.8161,72.3738
4931.5,166.2532,7.3556,7.2012,27.24,5.948,6.2895,2.6555,138.5684,72.2854
4932.0,169.288,7.4586,7.712,29.85,5.9361,6.2841,2.7286,146.0804,74.3899
4932.5,184.9777,5.016,5.1466,30.7,5.9946,6.2874,2.6848,148.0264,73.5551
4933.0,179.5513,6.2701,6.3816,29.63,5.9572,6.2877,2.6702,150.0931,75.8008
4933.5,175.4565,5.7235,6.8272,28.43,5.9966,6.2858,2.7725,148.8763,76.8684
4934.0,194.6632,7.1101,8.2919,27.97,5.9999,6.2874,2.7576,141.0493,73.2681
4934.5,191.8682,7.1958,7.4299,27.74,6.0268,6.2931,2.7455,140.9094,73.7699
4935.0,187.0712,7.657,8.4679,27.55,6.0627,6.2823,2.7123,142.7526,74.6463
4935.5,183.2584,6.9677,7.2461,27.03,6.0658,6.2841,2.7062,142.8182,75.1816
4936.0,183.7401,7.0909,7.6715,26.43,6.066,6.2858,2.7233,139.796,73.6248
4936.5,184.4463,7.2469,7.3455,26.78,6.1041,6.2859,2.6962,140.2723,73.7908
4937.0,176.2283,7.0645,7.148,26.44,6.1064,6.2859,2.7051,140.3622,74.5318
4937.5,171.8514,7.4395,7.3843,25.55,6.1018,6.2858,2.7055,136.804,72.676
4938.0,182.7188,7.6382,7.7977,25.84,6.1056,6.2895,2.7267,139.1142,73.4294
4938.5,182.4565,7.7761,7.8108,26.1,6.0989,6.2877,2.7389,136.7185,73.0302
4939.0,170.4768,8.0059,7.691,25.26,6.0957,6.2411,2.6937,134.3317,72.6534
4939.5,162.4525,7.7481,7.5181,23.34,6.0696,6.2423,2.7531,132.7293,72.3437
4940.0,160.1855,6.8681,7.3521,27.74,6.0781,6.2439,2.7015,137.637,72.7809
4940.5,169.6568,6.8599,8.0322,24.29,6.101,6.2406,2.7056,140.4315,74.5121
4941.0,169.7909,6.7101,7.0317,27.56,6.0262,6.2787,2.6338,148.1543,73.1221
4941.5,191.1635,5.3421,5.339,19.38,5.9853,6.2941,2.6165,156.817,81.0611
4942.0,189.8609,8.634,7.8828,22.08,6.0198,6.3218,2.6813,133.8103,72.5173
4942.5,156.4067,10.2536,7.3613,22.32,5.9815,6.3644,2.5429,129.4227,71.3018
4943.0,137.9948,10.6249,7.012,21.78,5.9811,6.3259,2.8811,133.0436,71.1967
4943.5,128.4758,11.805,8.0455,24.55,5.9876,6.3666,2.6362,140.3851,73.4647
4944.0,150.9878,10.4464,10.0501,25.42,6.062,6.3276,2.6726,142.3662,75.088
4944.5,154.4109,9.132,13.2212,26.67,6.0957,6.3276,2.6189,140.9429,74.4723
4945.0,144.2806,8.6988,11.9533,26.22,6.0179,6.2429,2.6307,138.089,72.8967
4945.5,143.3531,7.4288,8.7478,23.89,6.0216,6.2908,2.6533,139.1743,73.5882
4946.0,149.0531,6.5062,7.2567,23.12,6.0267,6.3218,2.7612,129.2599,70.9264
4946.5,132.6625,7.6097,8.493,22.66,6.0676,6.2626,2.6556,134.2193,72.4642
4947.0,152.99,8.3196,8.5241,27.66,6.0305,6.2891,2.6738,143.0832,75.4867
4947.5,166.7368,7.5508,7.5277,25.51,6.019,6.2859,2.6616,140.3242,74.1988
4948.0,152.4798,9.1742,9.6094,23.93,6.0896,6.2859,2.6728,133.6019,71.1462
4948.5,148.0128,7.0527,7.3049,27.43,5.9853,6.2106,2.812,142.4594,75.3767
4949.0,167.8228,7.1185,7.3172,27.85,5.9577,6.2055,2.6495,142.3336,76.7684
4949.5,182.5224,8.0887,8.4172,29.97,5.9531,6.207,2.6418,137.3321,72.3903
4950.0,161.2177,7.4229,7.4766,28.95,5.9493,6.1712,2.7536,141.5751,72.1814
4950.5,147.5334,6.8639,7.1032,27.36,5.9451,6.1686,2.7959,143.0921,74.962
4951.0,153.3619,6.319,6.6162,33.55,5.9439,6.1658,2.7451,148.3343,71.9263
4951.5,146.6109,7.1127,7.7976,29.41,5.9546,6.167,2.9598,152.9896,75.2188
4952.0,146.6456,6.7196,6.8929,31.06,5.9476,6.1604,2.7662,142.0671,76.6454
4952.5,149.9521,5.4459,5.5181,30.21,5.9796,6.1653,2.8539,132.3531,71.2381
4953.0,132.4332,6.373,6.1779,29.31,5.9822,6.164,2.8705,125.9508,64.9496
4953.5,146.4503,5.9742,5.4375,31.81,6.0229,6.167,3.0358,121.473,72.711
4954.0,157.1639,6.5928,6.5776,30.93,5.9891,6.1263,2.8079,96.5083,63.1441
4954.5,58.5323,7.3761,8.4941,7.5,5.9269,6.1017,2.5997,95.7619,63.094
4955.0,69.9205,8.7073,10.0145,7.62,5.95,6.1218,2.639,103.8836,68.5795
4955.5,64.8375,12.2868,10.2106,8.53,5.9025,6.1335,2.5521,102.2528,66.7289
4956.0,72.7932,68.0105,25.7778,8.86,5.9048,6.1228,2.4271,98.0952,64.7372
4956.5,88.3398,258.3156,75.4135,7.22,5.878,6.1235,2.5097,98.5251,64.9529
4957.0,84.5448,421.4173,171.4099,8.73,5.9063,6.1299,2.5395,98.6509,63.0358
4957.5,71.1472,215.7803,126.713,6.24,5.9085,6.1263,2.5319,97.8471,64.4139
4958.0,77.7729,67.2002,53.9794,6.17,5.9086,6.1251,2.5096,101.7905,66.546
4958.5,71.1192,38.4204,23.0827,9.02,5.8764,6.1317,2.5543,105.1935,64.3712
4959.0,94.1718,9.5383,7.9683,12.63,5.9482,6.1268,2.6762,102.0394,63.1843
4959.5,114.2281,33.1503,19.2691,10.03,5.9068,6.2272,2.734,103.8293,69.6723
4960.0,39.9161,21.1841,13.1858,2.19,5.8343,6.0917,2.6899,104.4784,70.2937
4960.5,20.8205,9.03,4.7725,1.43,5.868,6.0883,2.3593,107.0855,70.6941
4961.0,39.7805,5.7773,4.1834,5.71,5.8749,6.0869,2.4663,106.6926,69.0299
4961.5,50.6949,29.3602,12.3258,6.58,5.845,6.0905,2.4634,110.3235,70.9536
4962.0,32.9455,62.6517,22.3199,4.79,5.834,6.0883,2.4603,111.6434,70.4042
4962.5,32.892,71.7355,40.701,2.81,5.8346,6.0917,2.3314,109.9784,70.7135
4963.0,33.5528,34.7411,59.2368,2.23,5.8358,6.0887,2.3022,111.9029,70.5037
4963.5,41.2413,15.8865,19.8595,8.88,5.8358,6.0883,2.3656,110.5521,72.6295
4964.0,50.844,54.4054,86.4641,10.88,5.8358,6.0851,2.3751,112.9254,72.484
4964.5,65.1702,42.977,43.9524,10.62,5.8358,6.0923,2.4267,112.1473,72.4687
4965.0,68.9741,69.6439,46.575,13.07,5.8389,6.0867,2.3472,96.5056,64.4572
4965.5,71.2623,85.1991,41.0542,12.29,5.8389,6.0851,2.3567,95.4813,64.3702
4966.0,107.7299,183.0505,145.7146,9.34,5.868,6.0923,2.5432,96.3932,66.4635
4966.5,75.773,50.6421,50.5715,5.85,5.878,6.085,2.5791,98.0308,66.4858
4967.0,65.8479,7.3671,6.78,8.58,5.8439,6.0851,2.5829,112.2063,73.4328
4967.5,89.7101,11.8465,19.707,7.53,5.8749,6.0923,2.5193,111.6399,72.3321
4968.0,105.2814,7.0411,9.0393,11.5,5.8734,6.0867,2.4467,113.6246,72.889
4968.5,137.4506,2.4344,2.5269,11.49,5.8396,6.0905,2.4275,112.145,69.6059
4969.0,97.6107,3.3508,3.9537,11.88,5.835,6.0851,2.3852,105.1212,67.2223
4969.5,131.0548,34.7748,40.5338,13.68,5.8366,6.0869,2.3711,104.7203,66.9248
4970.0,104.013,112.5997,11.7014,12.0,5.8458,6.0869,2.4103,103.9286,67.0809
4970.5,33.4387,7.7748,2.1918,3.8,5.8427,6.0883,2.4608,101.7503,69.0925
4971.0,21.4127,1.7444,1.6548,1.97,5.8382,6.0905,2.3545,104.0567,65.4164
4971.5,30.6578,0.8246,2.2426,5.9,5.8373,6.085,2.7899,104.0128,69.5104
4972.0,33.3808,0.3973,1.5806,3.6,5.8381,6.0883,2.5987,109.9335,72.6598
4972.5,26.2362,0.2871,1.8128,3.28,5.8389,6.0923,2.5005,106.3846,70.397
4973.0,24.0062,0.6886,3.61,2.38,5.8358,6.0905,2.4206,104.1512,68.4944
4973.5,29.7802,3.758,4.186,2.71,5.8377,6.09,2.4205,105.6322,72.3066
4974.0,34.8371,10.407,6.9107,3.33,5.8757,6.0905,2.3788,105.3103,70.5026
